{
    "train": {
        "r2_score": 0.988381819827356,
        "mse": 0.9870993428362734,
        "rmse": 0.993528732768345,
        "mae": 0.7829295240408954
    },
    "test": {
        "r2_score": 0.822411592135232,
        "mse": 15.612117581128176,
        "rmse": 3.9512172277828737,
        "mae": 2.2189887986001082
    },
    "best_model_name": "ExtraTreesRegressor"
}