{
    "train": {
        "r2_score": 0.988381819827356,
        "mse": 0.9870993428362732,
        "rmse": 0.9935287327683449,
        "mae": 0.7829295240408954
    },
    "test": {
        "r2_score": 0.822411592135232,
        "mse": 15.612117581128182,
        "rmse": 3.951217227782874,
        "mae": 2.218988798600108
    },
    "best_model_name": "ExtraTreesRegressor"
}