{
    "train": {
        "r2_score": 0.9727302863790921,
        "mse": 2.369012843798236,
        "rmse": 1.5391597850120162,
        "mae": 1.1571226378033113
    },
    "test": {
        "r2_score": 0.9011203250191755,
        "mse": 7.251220644006994,
        "rmse": 2.69280906192901,
        "mae": 1.8839755207050959
    },
    "best_model_name": "LGBMRegressor"
}